{
    "images": [
        { "src": "images/photo1.jpg", "alt": "Kenangan 1", "title": "Gambar latest AHAHAHA😁" },
        { "src": "images/photo2.jpg", "alt": "Kenangan 2", "title": "Rayer tahun ni😆" },
        { "src": "images/photo3.jpg", "alt": "Kenangan 3", "title": "AHAHAHA kenangan menjadi asher😭" },
        { "src": "images/photo4.jpg", "alt": "Kenangan 4", "title": "First time keluar malam sama ii😍" },
        { "src": "images/photo5.jpg", "alt": "Kenangan 5", "title": "Random AHAHAHA" },
        { "src": "images/photo6.jpg", "alt": "Kenangan 6", "title": "First time bermalam sama ii🥹" },
        { "src": "images/photo7.jpg", "alt": "Kenangan 7", "title": "Jangan lupa gambar comel ni😆" }
    ]
}
